<?xml version="1.0" encoding="UTF-8"?>
<!--
Created with Funkin Packer v0.1.3 https://neeeoo.github.io/funkin-packer/
-->
<TextureAtlas imagePath="bfJustIdle.png" width="2061" height="420">
	<SubTexture name="BF idle dance0000" x="4" y="4" width="406" height="392" frameX="-1" frameY="-20" frameWidth="411" frameHeight="412"/>
	<SubTexture name="BF idle dance0001" x="4" y="4" width="406" height="392" frameX="-1" frameY="-20" frameWidth="411" frameHeight="412"/>
	<SubTexture name="BF idle dance0002" x="414" y="4" width="408" height="393" frameX="-0" frameY="-19" frameWidth="411" frameHeight="412"/>
	<SubTexture name="BF idle dance0003" x="414" y="4" width="408" height="393" frameX="-0" frameY="-19" frameWidth="411" frameHeight="412"/>
	<SubTexture name="BF idle dance0004" x="826" y="4" width="405" height="398" frameX="-3" frameY="-14" frameWidth="411" frameHeight="412"/>
	<SubTexture name="BF idle dance0005" x="826" y="4" width="405" height="398" frameX="-3" frameY="-14" frameWidth="411" frameHeight="412"/>
	<SubTexture name="BF idle dance0006" x="1235" y="4" width="410" height="411" frameX="-1" frameY="-1" frameWidth="411" frameHeight="412"/>
	<SubTexture name="BF idle dance0007" x="1235" y="4" width="410" height="411" frameX="-1" frameY="-1" frameWidth="411" frameHeight="412"/>
	<SubTexture name="BF idle dance0008" x="1649" y="4" width="408" height="412" frameX="-2" frameY="-0" frameWidth="411" frameHeight="412"/>
	<SubTexture name="BF idle dance0009" x="1649" y="4" width="408" height="412" frameX="-2" frameY="-0" frameWidth="411" frameHeight="412"/>
	<SubTexture name="BF idle dance0010" x="1649" y="4" width="408" height="412" frameX="-2" frameY="-0" frameWidth="411" frameHeight="412"/>
	<SubTexture name="BF idle dance0011" x="1649" y="4" width="408" height="412" frameX="-2" frameY="-0" frameWidth="411" frameHeight="412"/>
	<SubTexture name="BF idle dance0012" x="1649" y="4" width="408" height="412" frameX="-2" frameY="-0" frameWidth="411" frameHeight="412"/>
	<SubTexture name="BF idle dance0013" x="1649" y="4" width="408" height="412" frameX="-2" frameY="-0" frameWidth="411" frameHeight="412"/>
</TextureAtlas>