<?xml version="1.0" encoding="UTF-8"?>
<!--
Created with Funkin Packer v0.1.3 https://neeeoo.github.io/funkin-packer/
-->
<TextureAtlas imagePath="dadJustIdle.png" width="2561" height="775">
	<SubTexture name="Dad idle dance0000" x="1715" y="4" width="419" height="767" frameX="-6" frameY="-0" frameWidth="429" frameHeight="767"/>
	<SubTexture name="Dad idle dance0001" x="1715" y="4" width="419" height="767" frameX="-6" frameY="-0" frameWidth="429" frameHeight="767"/>
	<SubTexture name="Dad idle dance0002" x="432" y="4" width="429" height="758" frameX="-0" frameY="-8" frameWidth="429" frameHeight="767"/>
	<SubTexture name="Dad idle dance0003" x="432" y="4" width="429" height="758" frameX="-0" frameY="-8" frameWidth="429" frameHeight="767"/>
	<SubTexture name="Dad idle dance0004" x="4" y="4" width="424" height="756" frameX="-2" frameY="-10" frameWidth="429" frameHeight="767"/>
	<SubTexture name="Dad idle dance0005" x="4" y="4" width="424" height="756" frameX="-2" frameY="-10" frameWidth="429" frameHeight="767"/>
	<SubTexture name="Dad idle dance0006" x="865" y="4" width="423" height="758" frameX="-3" frameY="-8" frameWidth="429" frameHeight="767"/>
	<SubTexture name="Dad idle dance0007" x="865" y="4" width="423" height="758" frameX="-3" frameY="-8" frameWidth="429" frameHeight="767"/>
	<SubTexture name="Dad idle dance0008" x="1292" y="4" width="419" height="766" frameX="-5" frameY="-1" frameWidth="429" frameHeight="767"/>
	<SubTexture name="Dad idle dance0009" x="1292" y="4" width="419" height="766" frameX="-5" frameY="-1" frameWidth="429" frameHeight="767"/>
	<SubTexture name="Dad idle dance0010" x="2138" y="4" width="419" height="767" frameX="-6" frameY="-0" frameWidth="429" frameHeight="767"/>
	<SubTexture name="Dad idle dance0011" x="2138" y="4" width="419" height="767" frameX="-6" frameY="-0" frameWidth="429" frameHeight="767"/>
	<SubTexture name="Dad idle dance0012" x="1715" y="4" width="419" height="767" frameX="-6" frameY="-0" frameWidth="429" frameHeight="767"/>
</TextureAtlas>