<?xml version="1.0" encoding="UTF-8"?>
<!--
Created with Funkin Packer v0.1.3 https://neeeoo.github.io/funkin-packer/
-->
<TextureAtlas imagePath="gfJustIdle.png" width="2824" height="3221">
	<SubTexture name="GF Dancing Beat0000" x="4" y="1278" width="699" height="634" frameX="-2" frameY="-14" frameWidth="703" frameHeight="648"/>
	<SubTexture name="GF Dancing Beat0001" x="4" y="4" width="703" height="634" frameX="-0" frameY="-14" frameWidth="703" frameHeight="648"/>
	<SubTexture name="GF Dancing Beat0002" x="4" y="642" width="703" height="632" frameX="-0" frameY="-16" frameWidth="703" frameHeight="648"/>
	<SubTexture name="GF Dancing Beat0003" x="1418" y="4" width="699" height="632" frameX="-2" frameY="-16" frameWidth="703" frameHeight="648"/>
	<SubTexture name="GF Dancing Beat0004" x="2121" y="650" width="698" height="635" frameX="-2" frameY="-13" frameWidth="703" frameHeight="648"/>
	<SubTexture name="GF Dancing Beat0005" x="2121" y="1289" width="698" height="635" frameX="-2" frameY="-13" frameWidth="703" frameHeight="648"/>
	<SubTexture name="GF Dancing Beat0006" x="1418" y="640" width="699" height="637" frameX="-2" frameY="-11" frameWidth="703" frameHeight="648"/>
	<SubTexture name="GF Dancing Beat0007" x="2121" y="1928" width="698" height="648" frameX="-2" frameY="-0" frameWidth="703" frameHeight="648"/>
	<SubTexture name="GF Dancing Beat0008" x="2121" y="1928" width="698" height="648" frameX="-2" frameY="-0" frameWidth="703" frameHeight="648"/>
	<SubTexture name="GF Dancing Beat0009" x="2121" y="1928" width="698" height="648" frameX="-2" frameY="-0" frameWidth="703" frameHeight="648"/>
	<SubTexture name="GF Dancing Beat0010" x="1418" y="1281" width="699" height="648" frameX="-2" frameY="-0" frameWidth="703" frameHeight="648"/>
	<SubTexture name="GF Dancing Beat0011" x="1418" y="1281" width="699" height="648" frameX="-2" frameY="-0" frameWidth="703" frameHeight="648"/>
	<SubTexture name="GF Dancing Beat0012" x="1418" y="1281" width="699" height="648" frameX="-2" frameY="-0" frameWidth="703" frameHeight="648"/>
	<SubTexture name="GF Dancing Beat0013" x="4" y="2563" width="698" height="648" frameX="-2" frameY="-0" frameWidth="703" frameHeight="648"/>
	<SubTexture name="GF Dancing Beat0014" x="4" y="2563" width="698" height="648" frameX="-2" frameY="-0" frameWidth="703" frameHeight="648"/>
	<SubTexture name="GF Dancing Beat0015" x="706" y="2580" width="698" height="636" frameX="-2" frameY="-12" frameWidth="703" frameHeight="648"/>
	<SubTexture name="GF Dancing Beat0016" x="711" y="4" width="703" height="636" frameX="-0" frameY="-12" frameWidth="703" frameHeight="648"/>
	<SubTexture name="GF Dancing Beat0017" x="711" y="644" width="703" height="636" frameX="-0" frameY="-12" frameWidth="703" frameHeight="648"/>
	<SubTexture name="GF Dancing Beat0018" x="1408" y="2580" width="698" height="636" frameX="-2" frameY="-12" frameWidth="703" frameHeight="648"/>
	<SubTexture name="GF Dancing Beat0019" x="707" y="1284" width="699" height="637" frameX="-2" frameY="-11" frameWidth="703" frameHeight="648"/>
	<SubTexture name="GF Dancing Beat0020" x="2110" y="2580" width="698" height="637" frameX="-2" frameY="-11" frameWidth="703" frameHeight="648"/>
	<SubTexture name="GF Dancing Beat0021" x="707" y="1933" width="698" height="638" frameX="-2" frameY="-10" frameWidth="703" frameHeight="648"/>
	<SubTexture name="GF Dancing Beat0022" x="4" y="1916" width="699" height="643" frameX="-2" frameY="-5" frameWidth="703" frameHeight="648"/>
	<SubTexture name="GF Dancing Beat0023" x="4" y="1916" width="699" height="643" frameX="-2" frameY="-5" frameWidth="703" frameHeight="648"/>
	<SubTexture name="GF Dancing Beat0024" x="4" y="1916" width="699" height="643" frameX="-2" frameY="-5" frameWidth="703" frameHeight="648"/>
	<SubTexture name="GF Dancing Beat0025" x="1409" y="1933" width="698" height="642" frameX="-2" frameY="-6" frameWidth="703" frameHeight="648"/>
	<SubTexture name="GF Dancing Beat0026" x="1409" y="1933" width="698" height="642" frameX="-2" frameY="-6" frameWidth="703" frameHeight="648"/>
	<SubTexture name="GF Dancing Beat0027" x="1409" y="1933" width="698" height="642" frameX="-2" frameY="-6" frameWidth="703" frameHeight="648"/>
	<SubTexture name="GF Dancing Beat0028" x="2121" y="4" width="699" height="642" frameX="-2" frameY="-6" frameWidth="703" frameHeight="648"/>
	<SubTexture name="GF Dancing Beat0029" x="2121" y="4" width="699" height="642" frameX="-2" frameY="-6" frameWidth="703" frameHeight="648"/>
</TextureAtlas>